experiment_id,best_average,best_epoch,crossner_ai,crossner_literature,crossner_music,crossner_politics,crossner_science,mit-movie,mit-restaurant
Llama3-1B-BL,0.7839755308108246,11.5,0.7168831168329337,0.7191011235453564,0.7466467957770142,0.8066390040992454,0.7586206896050047,0.9341825901831492,0.8057553956330693
Llama3-1B-WQ=1,0.6999911049685841,11.5,0.5836216839182758,0.6058091285809963,0.6726149622013784,0.6310077518881408,0.7038251365620486,0.9113924050129102,0.7916666666163388
Llama3-1B-WQ=2,0.6946511422713421,11.5,0.6035502958083048,0.6177685949916463,0.6758620689156617,0.6080363911557872,0.6725082146269106,0.904458598675731,0.7803738317253538
Llama3-1B-WQ=3,0.7621581752542895,10.0,0.7003699136368016,0.7268817203801198,0.7291066281920073,0.7297514033180436,0.7587768968921045,0.9106382978219528,0.779582366538998
"Llama3-1B-WQ=4,1",0.7438284944047506,10.5,0.6966292134330788,0.6818181817681691,0.7147962830092871,0.7346278316651387,0.7456846950016175,0.8691983121859238,0.7640449437700392
"Llama3-1B-WQ=4,2",0.725018435619308,10.5,0.6820950060402089,0.6401766003914146,0.6699928723662267,0.700964630175036,0.7454954954453773,0.8846960167211283,0.7517084281957649
"Llama3-1B-WQ=4,3",0.7197685016617651,4.5,0.7001254704643392,0.6158599381583846,0.698932384291614,0.6582875097693944,0.7213872831868291,0.8846960167211283,0.7590909090406673
Llama3-1B-WQ=5,0.7726521202731933,5.5,0.6973180076126866,0.7174887891875233,0.723214285664179,0.7727645610655566,0.7830080366892083,0.923404255268756,0.7913669064244433
