step,epoch,loss,grad_norm,learning_rate
1,0.04,3.9801,52.2894172668457,0.0
2,0.08,4.6198,53.47200393676758,5.578858913022597e-06
3,0.12,4.733,48.16441345214844,8.842282173954808e-06
4,0.16,4.1979,54.585262298583984,1.1157717826045193e-05
5,0.2,3.5152,36.49031448364258,1.295370924755994e-05
6,0.24,3.2396,34.07823944091797,1.4421141086977404e-05
7,0.28,3.5362,86.89044952392578,1.5661837028938922e-05
