{
    "epoch": 10.0,
    "eval_average": 0.64513710636598,
    "eval_crossner_ai": 0.6220414200682972,
    "eval_crossner_literature": 0.6245103524963144,
    "eval_crossner_music": 0.790316126400554,
    "eval_crossner_politics": 0.6491446344756416,
    "eval_crossner_science": 0.736570490215037,
    "eval_mit-movie": 0.6040882741291427,
    "eval_mit-restaurant": 0.4892884467768731,
    "eval_runtime": 604.6319,
    "eval_samples_per_second": 10.064,
    "eval_steps_per_second": 0.159,
    "pred_average": 0.6483210251733089,
    "pred_crossner_ai": 0.6426148627313396,
    "pred_crossner_literature": 0.6111702127160722,
    "pred_crossner_music": 0.7746206005311864,
    "pred_crossner_politics": 0.677615414407506,
    "pred_crossner_science": 0.7361272797326811,
    "pred_mit-movie": 0.6080422420299529,
    "pred_mit-restaurant": 0.4880565640644239,
    "pred_runtime": 660.2084,
    "pred_samples_per_second": 9.8,
    "pred_steps_per_second": 0.154,
    "total_flos": 1.598177755088814e+18,
    "train_loss": 0.02987517741954688,
    "train_runtime": 36290.5112,
    "train_samples_per_second": 29.115,
    "train_steps_per_second": 0.227
}