{
    "epoch": 3.0,
    "eval_exact_match": 87.25320401801177,
    "eval_f1": 91.96085002631615,
    "eval_runtime": 43.4163,
    "eval_samples": 6152,
    "eval_samples_per_second": 141.698,
    "eval_steps_per_second": 17.712,
    "total_flos": 4.92965074225705e+16,
    "train_loss": 0.3358044533649792,
    "train_runtime": 3833.5156,
    "train_samples": 62887,
    "train_samples_per_second": 49.214,
    "train_steps_per_second": 4.101
}