{
    "epoch": 12.0,
    "eval_average": 0.5753436382599059,
    "eval_crossner_ai": 0.5267379678643335,
    "eval_crossner_literature": 0.5930372148359452,
    "eval_crossner_music": 0.7597122301657554,
    "eval_crossner_politics": 0.6247906197154065,
    "eval_crossner_science": 0.6377777777276361,
    "eval_mit-movie": 0.5245901638847981,
    "eval_mit-restaurant": 0.3607594936254667,
    "eval_runtime": 20.9264,
    "eval_samples_per_second": 33.451,
    "eval_steps_per_second": 0.335,
    "test_average": 0.5785355775560065,
    "test_crossner_ai": 0.48293299615722,
    "test_crossner_literature": 0.6445182723752537,
    "test_crossner_music": 0.74679487174486,
    "test_crossner_politics": 0.6945606694059515,
    "test_crossner_science": 0.6702470461368308,
    "test_mit-movie": 0.44705882348031845,
    "test_mit-restaurant": 0.36363636359161117,
    "test_runtime": 22.2516,
    "test_samples_per_second": 31.458,
    "test_steps_per_second": 0.315,
    "total_flos": 5.841633932256215e+18,
    "train_loss": 0.007205211582524241,
    "train_runtime": 25585.681,
    "train_samples_per_second": 49.555,
    "train_steps_per_second": 0.387
}