{
    "epoch": 3.0,
    "eval_exact_match": 84.04918600623485,
    "eval_f1": 88.32121742322651,
    "eval_loss": 0.33392849564552307,
    "eval_runtime": 168.0457,
    "eval_samples": 6017,
    "eval_samples_per_second": 35.806,
    "eval_steps_per_second": 4.481,
    "total_flos": 1.1035595788517376e+17,
    "train_loss": 0.6043211326679951,
    "train_runtime": 6090.5948,
    "train_samples": 60407,
    "train_samples_per_second": 29.754,
    "train_steps_per_second": 2.48
}