{
    "epoch": 12.0,
    "eval_average": 0.5604548525281161,
    "eval_crossner_ai": 0.5034642031837804,
    "eval_crossner_literature": 0.5617715617214528,
    "eval_crossner_music": 0.6898470096856505,
    "eval_crossner_politics": 0.5714285713785086,
    "eval_crossner_science": 0.6381156316415785,
    "eval_mit-movie": 0.5573770491306818,
    "eval_mit-restaurant": 0.4011799409551606,
    "eval_runtime": 35.705,
    "eval_samples_per_second": 19.605,
    "eval_steps_per_second": 0.196,
    "test_average": 0.569762887126192,
    "test_crossner_ai": 0.528735632134092,
    "test_crossner_literature": 0.5818181817680739,
    "test_crossner_music": 0.6939721792389233,
    "test_crossner_politics": 0.6238830218833415,
    "test_crossner_science": 0.7040169132692411,
    "test_mit-movie": 0.5144508670026094,
    "test_mit-restaurant": 0.34146341458706314,
    "test_runtime": 38.2428,
    "test_samples_per_second": 18.304,
    "test_steps_per_second": 0.183,
    "total_flos": 6.723925604376248e+17,
    "train_loss": 0.05391833218661222,
    "train_runtime": 11071.3052,
    "train_samples_per_second": 114.522,
    "train_steps_per_second": 0.894
}