{
    "epoch": 12.0,
    "eval_average": 0.5604548525281161,
    "eval_crossner_ai": 0.5034642031837804,
    "eval_crossner_literature": 0.5617715617214528,
    "eval_crossner_music": 0.6898470096856505,
    "eval_crossner_politics": 0.5714285713785086,
    "eval_crossner_science": 0.6381156316415785,
    "eval_mit-movie": 0.5573770491306818,
    "eval_mit-restaurant": 0.4011799409551606,
    "eval_runtime": 35.705,
    "eval_samples_per_second": 19.605,
    "eval_steps_per_second": 0.196
}