{
    "test_average": 0.569762887126192,
    "test_crossner_ai": 0.528735632134092,
    "test_crossner_literature": 0.5818181817680739,
    "test_crossner_music": 0.6939721792389233,
    "test_crossner_politics": 0.6238830218833415,
    "test_crossner_science": 0.7040169132692411,
    "test_mit-movie": 0.5144508670026094,
    "test_mit-restaurant": 0.34146341458706314,
    "test_runtime": 38.2428,
    "test_samples_per_second": 18.304,
    "test_steps_per_second": 0.183
}