{
    "epoch": 12.0,
    "total_flos": 6.723925604376248e+17,
    "train_loss": 0.05391833218661222,
    "train_runtime": 11071.3052,
    "train_samples_per_second": 114.522,
    "train_steps_per_second": 0.894
}